 CREATE TABLE sklep.PRACOWNICY 
   (
      ID 		 		NUMERIC 
	, IMIE 	 		    VARCHAR(30) NOT NULL
	, NAZWISKO 		    VARCHAR(60) NOT NULL
	, PESEL 	 		VARCHAR(11) NOT NULL 
	, PLEC 			    VARCHAR(1)  NOT NULL 
	, DATA_URODZENIA    DATE
	, PENSJA 			NUMERIC 
	, KOD_DEPARTAMENTU  NUMERIC
    , CHECK (plec in ('M', 'K')) 
    , CONSTRAINT PRACOWNICY_PK PRIMARY KEY (ID)
	--  FOREIGN KEY (KOD_DEPARTAMENTU)REFERENCES sklep.DEPARTAMENTY (KOD_DEPARTAMENTU)
	);

  CREATE TABLE sklep.DEPARTAMENTY 
   (
     KOD_DEPARTAMENTU 	NUMERIC
   , NAZWA_DEPARTAMENTU VARCHAR(40) 
   , ID_KIEROWNIKA 		NUMERIC 			NOT NULL 
   , MIEJSCOWOSC 		VARCHAR(50)
   , CONSTRAINT PK_DEPARTAMENTY PRIMARY KEY (KOD_DEPARTAMENTU)
   , CONSTRAINT FK_DEP_PRACOWNIK FOREIGN KEY (ID_KIEROWNIKA)
	 REFERENCES sklep.PRACOWNICY (ID)
   );
   
   
	 CREATE TABLE sklep.TYPY_PRODUKTOW 
	(
	  TYP_PRODUKTU   VARCHAR(20)
	, NAZWA_PELNA    VARCHAR(40) NOT NULL
	, RABAT 		 NUMERIC 
	, OKRES_WAZNOSCI VARCHAR(1)
	, CHECK (okres_waznosci in ('K', 'D'))
	, PRIMARY KEY (TYP_PRODUKTU)
	);
	
 
  CREATE TABLE sklep.PRODUKTY 
   (
      ID 				NUMERIC
	, NAZWA_PRODUKTU    VARCHAR(100)
	, TYP_PRODUKTU 		VARCHAR(30) 
	, CENA_SPRZEDAZY 	NUMERIC 
	, CENA_ZAKUPU 		NUMERIC
	, STAWKA_PODATKU 	NUMERIC
	, JM 				VARCHAR(10) 
	, CONSTRAINT PK_PRODUKTY PRIMARY KEY (ID)
	, CONSTRAINT FK_TYP_PRODUKTU FOREIGN KEY (TYP_PRODUKTU)
	  REFERENCES sklep.TYPY_PRODUKTOW (TYP_PRODUKTU)
   )
   ;

  CREATE TABLE sklep.RODZAJE_SRODKOW_TRANSPORTU 
   (  KOD 			VARCHAR(10) 
	, PELNA_NAZWA 	VARCHAR(80) NOT NULL
	, MIN_DLUGOSC 	NUMERIC
	, MAX_DLUGOSC 	NUMERIC
	, MIN_WAGA 		NUMERIC
	, MAX_WAGA 		NUMERIC
	, LADOWNOSC 	NUMERIC
	, PRIMARY KEY (KOD)
  );

  CREATE TABLE sklep.DOSTAWCY 
   (
      ID_DOSTAWCY 					    NUMERIC
	, NAZWA_DOSTAWCY 					VARCHAR(50) NOT NULL 
	, KOD_RODZAJU_SRODKA_TRANSPORTU 	VARCHAR(10)
	, STATUS_AKTYWNOSCI 				VARCHAR(1)
	, PRIMARY KEY (ID_DOSTAWCY)
	, FOREIGN KEY (KOD_RODZAJU_SRODKA_TRANSPORTU)
	  REFERENCES sklep.RODZAJE_SRODKOW_TRANSPORTU (KOD)
   );


  CREATE TABLE sklep.PRZYCZYNY_ABSENCJI 
   (
      ID 		NUMERIC 
	, NAZWA 	VARCHAR(200) 	NOT NULL
	, CZY_ZGODA VARCHAR(1) 	DEFAULT 'N'
	, UWAGI 	VARCHAR(1000)
	, PRIMARY KEY (ID)
  );

  CREATE TABLE sklep.ABSENCJE 
   (
      ID 			  NUMERIC
	, ID_PRACOWNIKA   NUMERIC
	, PA_KOD 		  NUMERIC
	, DATA_OD 	  	  DATE
	, DATA_DO         DATE
	, PRIMARY KEY (ID)
	, FOREIGN KEY (ID_PRACOWNIKA) REFERENCES sklep.PRACOWNICY (ID)
    , FOREIGN KEY (PA_KOD) REFERENCES sklep.PRZYCZYNY_ABSENCJI (ID)
   );

  CREATE TABLE sklep.KLIENCI 
   (  ID 		     NUMERIC
	, IMIE 	         VARCHAR(30) NOT NULL
	, NAZWISKO  	 VARCHAR(60) NOT NULL
	, PESEL 		 VARCHAR(11) 
	, KOD_POCZTOWY   VARCHAR(10)
	, MIEJSCOWOSC    VARCHAR(40)
	, PRIMARY KEY (ID)
  );

  CREATE TABLE sklep.FAKTURY_SPRZEDAZY 
   (
      ID_FAKTURY 		NUMERIC
	, DATA_FAKTURY    	DATE 
	, ID_KLIENTA 		NUMERIC 
	, WARTOSC_NETTO 	NUMERIC 
	, WARTOSC_BRUTTO 	NUMERIC 
	, STAWKA_PODATKU 	NUMERIC 
	, WALUTA 			VARCHAR(4) 
	, PRIMARY KEY (ID_FAKTURY)
	, FOREIGN KEY (ID_KLIENTA)REFERENCES sklep.KLIENCI (ID)
   );

  CREATE TABLE sklep.ZAKUPY 
   (
      ID_ZAKUPU 	NUMERIC
	, ID_KLIENTA 	NUMERIC 
	, CZY_PARAGON VARCHAR(1) 
	, CZY_FAKTURA VARCHAR(1)
	, ID_FAKTURY 	NUMERIC
	, DATA_ZAKUPU DATE
	, PRIMARY KEY (ID_ZAKUPU)
	, FOREIGN KEY (ID_KLIENTA)REFERENCES sklep.KLIENCI (ID)
	, FOREIGN KEY (ID_FAKTURY) REFERENCES sklep.FAKTURY_SPRZEDAZY (ID_FAKTURY)
   ) ;

  CREATE TABLE sklep.ZAKUPY_POZYCJE 
   (
      ID_ZAKUPU 		NUMERIC
	, NUMER_POZYCJI 	NUMERIC 
	, ID_PRODUKTU 		NUMERIC 
	, ILOSC 			NUMERIC 
	, CZY_REKLAMACJA  	VARCHAR(1) 
	, PRIMARY KEY (ID_ZAKUPU, NUMER_POZYCJI)
	, FOREIGN KEY (ID_ZAKUPU) REFERENCES sklep.ZAKUPY (ID_ZAKUPU)
	, FOREIGN KEY (ID_PRODUKTU)REFERENCES sklep.PRODUKTY (ID)
   );

  CREATE TABLE sklep.JEDNOSTKI_PRODUKTOW 
   (
      ID NUMERIC
	, ID_PRODUKTU NUMERIC
	, JM VARCHAR(10) 
	, JM_ALT VARCHAR(10) 
	, PRZELICZNIK NUMERIC
	, PRIMARY KEY (ID)
	, FOREIGN KEY (ID_PRODUKTU)REFERENCES sklep.PRODUKTY (ID)
   )
   ;

	
  CREATE TABLE sklep.RODZAJE_PRODUKTOW 
   (
      KOD 				VARCHAR(10)
	, NAZWA 			VARCHAR(50)
	, WYMAGANA_KONCESJA CHAR(1)
   )
   ;


-- INSERTY


INSERT INTO PRACOWNICY (ID,IMIE,NAZWISKO,PESEL,PLEC,DATA_URODZENIA,PENSJA,KOD_DEPARTAMENTU) VALUES ('10','Bartosz','Karmel','58031245679','M',('1958-03-12'),'5120','7');
INSERT INTO PRACOWNICY (ID,IMIE,NAZWISKO,PESEL,PLEC,DATA_URODZENIA,PENSJA,KOD_DEPARTAMENTU) VALUES ('12','Jacek','Grzyma\B3a','80020366584','M',('1980-02-03'),'7000','2');
INSERT INTO PRACOWNICY (ID,IMIE,NAZWISKO,PESEL,PLEC,DATA_URODZENIA,PENSJA,KOD_DEPARTAMENTU) VALUES ('11','Sebastian','Krawczyk','88031269123','M',('1988-03-12'),'7000','2');
INSERT INTO PRACOWNICY (ID,IMIE,NAZWISKO,PESEL,PLEC,DATA_URODZENIA,PENSJA,KOD_DEPARTAMENTU) VALUES ('13','Pawe\B3\82','Kiepski','81121225836','M',('1981-12-12'),'3500','5');
INSERT INTO PRACOWNICY (ID,IMIE,NAZWISKO,PESEL,PLEC,DATA_URODZENIA,PENSJA,KOD_DEPARTAMENTU) VALUES ('14','Julia','\C6wi\B9ka\B3a','92101548732','K',('1992-10-15'),'2300','5');
INSERT INTO PRACOWNICY (ID,IMIE,NAZWISKO,PESEL,PLEC,DATA_URODZENIA,PENSJA,KOD_DEPARTAMENTU) VALUES ('15','Katarzyna','Zebra','98110843128','K',('1998-11-08'),'7000','3');
INSERT INTO PRACOWNICY (ID,IMIE,NAZWISKO,PESEL,PLEC,DATA_URODZENIA,PENSJA,KOD_DEPARTAMENTU) VALUES ('16','Przemys\B3aw','Grzyma\B3a','80020314725','M',('1980-02-03'),'9000','12');
INSERT INTO PRACOWNICY (ID,IMIE,NAZWISKO,PESEL,PLEC,DATA_URODZENIA,PENSJA,KOD_DEPARTAMENTU) VALUES ('17','Zofia','Pryk','91041516589','K',('1991-04-15'),'4600','1');
INSERT INTO PRACOWNICY (ID,IMIE,NAZWISKO,PESEL,PLEC,DATA_URODZENIA,PENSJA,KOD_DEPARTAMENTU) VALUES ('18','Paulina','Polak','65020761975','K',('1965-02-07'),'3540','11');
INSERT INTO PRACOWNICY (ID,IMIE,NAZWISKO,PESEL,PLEC,DATA_URODZENIA,PENSJA,KOD_DEPARTAMENTU) VALUES ('19','Robert','Polewicz','58090414763','M',('1958-09-04'),'6500','9');
INSERT INTO PRACOWNICY (ID,IMIE,NAZWISKO,PESEL,PLEC,DATA_URODZENIA,PENSJA,KOD_DEPARTAMENTU) VALUES ('1','Jan','Kowalski','88020512345','M',('1988-02-05'),'4000','12');
INSERT INTO PRACOWNICY (ID,IMIE,NAZWISKO,PESEL,PLEC,DATA_URODZENIA,PENSJA,KOD_DEPARTAMENTU) VALUES ('2','Krzysztof','Kapusta','70122012345','M',('1970-12-20'),'2500','1');
INSERT INTO PRACOWNICY (ID,IMIE,NAZWISKO,PESEL,PLEC,DATA_URODZENIA,PENSJA,KOD_DEPARTAMENTU) VALUES ('3','Magdalena','Dzwonkowska','92081612345','K',('1992-08-16'),'5000','4');
INSERT INTO PRACOWNICY (ID,IMIE,NAZWISKO,PESEL,PLEC,DATA_URODZENIA,PENSJA,KOD_DEPARTAMENTU) VALUES ('4','Karol','Krawczyk','82010112345','M',('1982-01-01'),'3000','3');
INSERT INTO PRACOWNICY (ID,IMIE,NAZWISKO,PESEL,PLEC,DATA_URODZENIA,PENSJA,KOD_DEPARTAMENTU) VALUES ('5','Joanna','Bak','90121212345','K',('1990-12-12'),'2700','6');
INSERT INTO PRACOWNICY (ID,IMIE,NAZWISKO,PESEL,PLEC,DATA_URODZENIA,PENSJA,KOD_DEPARTAMENTU) VALUES ('6','Robert','Psikuta','95070815642','M',('1995-07-08'),'4200','11');
INSERT INTO PRACOWNICY (ID,IMIE,NAZWISKO,PESEL,PLEC,DATA_URODZENIA,PENSJA,KOD_DEPARTAMENTU) VALUES ('7','Stefan','Siarzewski','60051274391','M',('1960-05-12'),'4550','10');
INSERT INTO PRACOWNICY (ID,IMIE,NAZWISKO,PESEL,PLEC,DATA_URODZENIA,PENSJA,KOD_DEPARTAMENTU) VALUES ('8','Zofia','Brzydal','84021659712','K',('1984-02-16'),'2400','9');
INSERT INTO PRACOWNICY (ID,IMIE,NAZWISKO,PESEL,PLEC,DATA_URODZENIA,PENSJA,KOD_DEPARTAMENTU) VALUES ('9','Julia','Niedziela','81050242315','K',('1981-05-02'),'7000','8');
INSERT INTO PRACOWNICY (ID,IMIE,NAZWISKO,PESEL,PLEC,DATA_URODZENIA,PENSJA,KOD_DEPARTAMENTU) VALUES ('20','J\F3zef','Wo\B3ecki','00071313842','M',('2000-07-13'),'2900','9');
INSERT INTO PRACOWNICY (ID,IMIE,NAZWISKO,PESEL,PLEC,DATA_URODZENIA,PENSJA,KOD_DEPARTAMENTU) VALUES ('21','Darek','Butkiewicz','12345678925','M',('1992-01-01'),'4000','10');

INSERT INTO DEPARTAMENTY (KOD_DEPARTAMENTU,NAZWA_DEPARTAMENTU,ID_KIEROWNIKA,MIEJSCOWOSC) VALUES ('1','ksi\EAgowo\9C\E6','2','Warszawa \8Cr\F3dmie\9Ccie');
INSERT INTO DEPARTAMENTY (KOD_DEPARTAMENTU,NAZWA_DEPARTAMENTU,ID_KIEROWNIKA,MIEJSCOWOSC) VALUES ('2','produkcja','11','Piaseczno');
INSERT INTO DEPARTAMENTY (KOD_DEPARTAMENTU,NAZWA_DEPARTAMENTU,ID_KIEROWNIKA,MIEJSCOWOSC) VALUES ('3','administracja','4','Warszawa Centrum');
INSERT INTO DEPARTAMENTY (KOD_DEPARTAMENTU,NAZWA_DEPARTAMENTU,ID_KIEROWNIKA,MIEJSCOWOSC) VALUES ('4','IT','3','Warszawa Centrum');
INSERT INTO DEPARTAMENTY (KOD_DEPARTAMENTU,NAZWA_DEPARTAMENTU,ID_KIEROWNIKA,MIEJSCOWOSC) VALUES ('5','Sprzeda\BF','5','Warszawa \8Cr\F3dmie\9Ccie');
INSERT INTO DEPARTAMENTY (KOD_DEPARTAMENTU,NAZWA_DEPARTAMENTU,ID_KIEROWNIKA,MIEJSCOWOSC) VALUES ('6','planowanie i zakupy','5','Warszawa Ochota');
INSERT INTO DEPARTAMENTY (KOD_DEPARTAMENTU,NAZWA_DEPARTAMENTU,ID_KIEROWNIKA,MIEJSCOWOSC) VALUES ('7','hr','1','Krak\F3w');
INSERT INTO DEPARTAMENTY (KOD_DEPARTAMENTU,NAZWA_DEPARTAMENTU,ID_KIEROWNIKA,MIEJSCOWOSC) VALUES ('8','badanie i rozw\F3j','12','\A3od\9F');
INSERT INTO DEPARTAMENTY (KOD_DEPARTAMENTU,NAZWA_DEPARTAMENTU,ID_KIEROWNIKA,MIEJSCOWOSC) VALUES ('9','dzia\B3 prawny','18','Szczecin');
INSERT INTO DEPARTAMENTY (KOD_DEPARTAMENTU,NAZWA_DEPARTAMENTU,ID_KIEROWNIKA,MIEJSCOWOSC) VALUES ('10','public relations','20','Gda\F1sk Oliwa');
INSERT INTO DEPARTAMENTY (KOD_DEPARTAMENTU,NAZWA_DEPARTAMENTU,ID_KIEROWNIKA,MIEJSCOWOSC) VALUES ('11','transport','19','Pozna\F1');
INSERT INTO DEPARTAMENTY (KOD_DEPARTAMENTU,NAZWA_DEPARTAMENTU,ID_KIEROWNIKA,MIEJSCOWOSC) VALUES ('12','logistyka','6','Zakopane');


   ALTER TABLE sklep.PRACOWNICY
   ADD CONSTRAINT DEPARTAMENT_FK
   FOREIGN KEY (KOD_DEPARTAMENTU)
   REFERENCES sklep.DEPARTAMENTY (KOD_DEPARTAMENTU);

INSERT INTO PRZYCZYNY_ABSENCJI (ID,NAZWA,CZY_ZGODA,UWAGI) VALUES ('1','urlop macierzy\F1ski','N',null);
INSERT INTO PRZYCZYNY_ABSENCJI (ID,NAZWA,CZY_ZGODA,UWAGI) VALUES ('2','urlop ojcowski','N',null);
INSERT INTO PRZYCZYNY_ABSENCJI (ID,NAZWA,CZY_ZGODA,UWAGI) VALUES ('3','urlop rodzicielski','N',null);
INSERT INTO PRZYCZYNY_ABSENCJI (ID,NAZWA,CZY_ZGODA,UWAGI) VALUES ('4','urlop wypoczynkowy','T',null);
INSERT INTO PRZYCZYNY_ABSENCJI (ID,NAZWA,CZY_ZGODA,UWAGI) VALUES ('5','urlop wychowawczy','N',null);
INSERT INTO PRZYCZYNY_ABSENCJI (ID,NAZWA,CZY_ZGODA,UWAGI) VALUES ('6','urlop szkoleniowy','T',null);
INSERT INTO PRZYCZYNY_ABSENCJI (ID,NAZWA,CZY_ZGODA,UWAGI) VALUES ('7','urlop okoliczno\9Cciowy','T',null);
INSERT INTO PRZYCZYNY_ABSENCJI (ID,NAZWA,CZY_ZGODA,UWAGI) VALUES ('8','urlop bezp\B3atny','T',null);
INSERT INTO PRZYCZYNY_ABSENCJI (ID,NAZWA,CZY_ZGODA,UWAGI) VALUES ('9','na \BF\B9danie','N',null);

INSERT INTO ABSENCJE (ID,ID_PRACOWNIKA,PA_KOD,DATA_OD,DATA_DO) VALUES ('1','11','2',('2018-09-04'),('2019-03-04'));
INSERT INTO ABSENCJE (ID,ID_PRACOWNIKA,PA_KOD,DATA_OD,DATA_DO) VALUES ('2','5' ,'1',('2017-08-12'),('2018-05-04'));
INSERT INTO ABSENCJE (ID,ID_PRACOWNIKA,PA_KOD,DATA_OD,DATA_DO) VALUES ('3','15','4',('2018-01-15'),('2018-01-27'));
INSERT INTO ABSENCJE (ID,ID_PRACOWNIKA,PA_KOD,DATA_OD,DATA_DO) VALUES ('4','18','4',('2018-02-27'),('2018-03-05'));
INSERT INTO ABSENCJE (ID,ID_PRACOWNIKA,PA_KOD,DATA_OD,DATA_DO) VALUES ('5','15','9',('2018-10-05'),('2018-10-05'));

INSERT INTO RODZAJE_SRODKOW_TRANSPORTU (KOD,PELNA_NAZWA,MIN_DLUGOSC,MAX_DLUGOSC,MIN_WAGA,MAX_WAGA,LADOWNOSC) VALUES ('VAN','van','3.5','4','1800','2400','1000');
INSERT INTO RODZAJE_SRODKOW_TRANSPORTU (KOD,PELNA_NAZWA,MIN_DLUGOSC,MAX_DLUGOSC,MIN_WAGA,MAX_WAGA,LADOWNOSC) VALUES ('BUS','bus','3.8','4.2','1950','2800','1200');
INSERT INTO RODZAJE_SRODKOW_TRANSPORTU (KOD,PELNA_NAZWA,MIN_DLUGOSC,MAX_DLUGOSC,MIN_WAGA,MAX_WAGA,LADOWNOSC) VALUES ('AUT','auto osobowe','2','3.2','800','1400','600');
INSERT INTO RODZAJE_SRODKOW_TRANSPORTU (KOD,PELNA_NAZWA,MIN_DLUGOSC,MAX_DLUGOSC,MIN_WAGA,MAX_WAGA,LADOWNOSC) VALUES ('TIR','tir','12','20','5000','10000','30000');
INSERT INTO RODZAJE_SRODKOW_TRANSPORTU (KOD,PELNA_NAZWA,MIN_DLUGOSC,MAX_DLUGOSC,MIN_WAGA,MAX_WAGA,LADOWNOSC) VALUES ('SKUT','skuter','1.65','2.24','300','500','200');

INSERT INTO DOSTAWCY (ID_DOSTAWCY,NAZWA_DOSTAWCY,KOD_RODZAJU_SRODKA_TRANSPORTU,STATUS_AKTYWNOSCI) VALUES ('1','Morliny','VAN','A');
INSERT INTO DOSTAWCY (ID_DOSTAWCY,NAZWA_DOSTAWCY,KOD_RODZAJU_SRODKA_TRANSPORTU,STATUS_AKTYWNOSCI) VALUES ('2','Koral','BUS','A');
INSERT INTO DOSTAWCY (ID_DOSTAWCY,NAZWA_DOSTAWCY,KOD_RODZAJU_SRODKA_TRANSPORTU,STATUS_AKTYWNOSCI) VALUES ('3','Pepco','TIR','A');
INSERT INTO DOSTAWCY (ID_DOSTAWCY,NAZWA_DOSTAWCY,KOD_RODZAJU_SRODKA_TRANSPORTU,STATUS_AKTYWNOSCI) VALUES ('4','Lidl','TIR','A');
INSERT INTO DOSTAWCY (ID_DOSTAWCY,NAZWA_DOSTAWCY,KOD_RODZAJU_SRODKA_TRANSPORTU,STATUS_AKTYWNOSCI) VALUES ('5','Obi','VAN','A');
INSERT INTO DOSTAWCY (ID_DOSTAWCY,NAZWA_DOSTAWCY,KOD_RODZAJU_SRODKA_TRANSPORTU,STATUS_AKTYWNOSCI) VALUES ('6','Decathlon','TIR','A');
INSERT INTO DOSTAWCY (ID_DOSTAWCY,NAZWA_DOSTAWCY,KOD_RODZAJU_SRODKA_TRANSPORTU,STATUS_AKTYWNOSCI) VALUES ('7','Biedronka','TIR','A');
INSERT INTO DOSTAWCY (ID_DOSTAWCY,NAZWA_DOSTAWCY,KOD_RODZAJU_SRODKA_TRANSPORTU,STATUS_AKTYWNOSCI) VALUES ('8','Auchan','BUS','A');
INSERT INTO DOSTAWCY (ID_DOSTAWCY,NAZWA_DOSTAWCY,KOD_RODZAJU_SRODKA_TRANSPORTU,STATUS_AKTYWNOSCI) VALUES ('9','Lewiatan','TIR','A');
INSERT INTO DOSTAWCY (ID_DOSTAWCY,NAZWA_DOSTAWCY,KOD_RODZAJU_SRODKA_TRANSPORTU,STATUS_AKTYWNOSCI) VALUES ('10','Intermarche','VAN','A');
INSERT INTO DOSTAWCY (ID_DOSTAWCY,NAZWA_DOSTAWCY,KOD_RODZAJU_SRODKA_TRANSPORTU,STATUS_AKTYWNOSCI) VALUES ('11','Bricomarche','TIR','A');
INSERT INTO DOSTAWCY (ID_DOSTAWCY,NAZWA_DOSTAWCY,KOD_RODZAJU_SRODKA_TRANSPORTU,STATUS_AKTYWNOSCI) VALUES ('12','Tesco','TIR','A');
INSERT INTO DOSTAWCY (ID_DOSTAWCY,NAZWA_DOSTAWCY,KOD_RODZAJU_SRODKA_TRANSPORTU,STATUS_AKTYWNOSCI) VALUES ('13','E.Leclerc','TIR','A');
INSERT INTO DOSTAWCY (ID_DOSTAWCY,NAZWA_DOSTAWCY,KOD_RODZAJU_SRODKA_TRANSPORTU,STATUS_AKTYWNOSCI) VALUES ('14','Amica','BUS','A');
INSERT INTO DOSTAWCY (ID_DOSTAWCY,NAZWA_DOSTAWCY,KOD_RODZAJU_SRODKA_TRANSPORTU,STATUS_AKTYWNOSCI) VALUES ('15','Avon','AUT','A');
INSERT INTO DOSTAWCY (ID_DOSTAWCY,NAZWA_DOSTAWCY,KOD_RODZAJU_SRODKA_TRANSPORTU,STATUS_AKTYWNOSCI) VALUES ('16','Puma','TIR','A');
INSERT INTO DOSTAWCY (ID_DOSTAWCY,NAZWA_DOSTAWCY,KOD_RODZAJU_SRODKA_TRANSPORTU,STATUS_AKTYWNOSCI) VALUES ('17','Lego','VAN','A');
INSERT INTO DOSTAWCY (ID_DOSTAWCY,NAZWA_DOSTAWCY,KOD_RODZAJU_SRODKA_TRANSPORTU,STATUS_AKTYWNOSCI) VALUES ('18','Militaria','TIR','A');
INSERT INTO DOSTAWCY (ID_DOSTAWCY,NAZWA_DOSTAWCY,KOD_RODZAJU_SRODKA_TRANSPORTU,STATUS_AKTYWNOSCI) VALUES ('19','Delikatesy','AUT','A');
INSERT INTO DOSTAWCY (ID_DOSTAWCY,NAZWA_DOSTAWCY,KOD_RODZAJU_SRODKA_TRANSPORTU,STATUS_AKTYWNOSCI) VALUES ('20','Jogobella','VAN','A');

INSERT INTO KLIENCI (ID,IMIE,NAZWISKO,PESEL,KOD_POCZTOWY,MIEJSCOWOSC) VALUES ('1','Bronis\B3aw','Foka','72120573948','09-400','P\B3ock');
INSERT INTO KLIENCI (ID,IMIE,NAZWISKO,PESEL,KOD_POCZTOWY,MIEJSCOWOSC) VALUES ('2','Joanna','Fr\B9czak','80041146587','09-400','P\B3ock');
INSERT INTO KLIENCI (ID,IMIE,NAZWISKO,PESEL,KOD_POCZTOWY,MIEJSCOWOSC) VALUES ('3','Kazimiera','Wec\B3aw','65091047612','22-100','Gda\F1sk');
INSERT INTO KLIENCI (ID,IMIE,NAZWISKO,PESEL,KOD_POCZTOWY,MIEJSCOWOSC) VALUES ('4','Bartosz','Przybylski','01101442863','02-241','Warszawa');
INSERT INTO KLIENCI (ID,IMIE,NAZWISKO,PESEL,KOD_POCZTOWY,MIEJSCOWOSC) VALUES ('5','Katarzyna','Fackiewicz','85031856317','30-006','Krak\F3w');
INSERT INTO KLIENCI (ID,IMIE,NAZWISKO,PESEL,KOD_POCZTOWY,MIEJSCOWOSC) VALUES ('6','Krzysztof','Jarzyna','75110621863','70-003','Szczecin');

INSERT INTO FAKTURY_SPRZEDAZY (ID_FAKTURY,DATA_FAKTURY,ID_KLIENTA,WARTOSC_NETTO,WARTOSC_BRUTTO,STAWKA_PODATKU,WALUTA) VALUES ('1',('2018-11-25'),'5','25','30.75','23','PLN');


INSERT INTO TYPY_PRODUKTOW (TYP_PRODUKTU,NAZWA_PELNA,RABAT,OKRES_WAZNOSCI) VALUES ('SLO','s\B3odycze',null,'D');
INSERT INTO TYPY_PRODUKTOW (TYP_PRODUKTU,NAZWA_PELNA,RABAT,OKRES_WAZNOSCI) VALUES ('PIE','pieczywo',null,'K');
INSERT INTO TYPY_PRODUKTOW (TYP_PRODUKTU,NAZWA_PELNA,RABAT,OKRES_WAZNOSCI) VALUES ('NAS','nasiona',null,'D');
INSERT INTO TYPY_PRODUKTOW (TYP_PRODUKTU,NAZWA_PELNA,RABAT,OKRES_WAZNOSCI) VALUES ('NAB','nabia\B3',null,'K');
INSERT INTO TYPY_PRODUKTOW (TYP_PRODUKTU,NAZWA_PELNA,RABAT,OKRES_WAZNOSCI) VALUES ('NAP','napoje',null,'D');
INSERT INTO TYPY_PRODUKTOW (TYP_PRODUKTU,NAZWA_PELNA,RABAT,OKRES_WAZNOSCI) VALUES ('KOS','kosmetyki',null,'D');
INSERT INTO TYPY_PRODUKTOW (TYP_PRODUKTU,NAZWA_PELNA,RABAT,OKRES_WAZNOSCI) VALUES ('ALK','alkohol',null,'D');
INSERT INTO TYPY_PRODUKTOW (TYP_PRODUKTU,NAZWA_PELNA,RABAT,OKRES_WAZNOSCI) VALUES ('WAR','warzywa',null,'K');
INSERT INTO TYPY_PRODUKTOW (TYP_PRODUKTU,NAZWA_PELNA,RABAT,OKRES_WAZNOSCI) VALUES ('OWO','owoce',null,'K');

INSERT INTO PRODUKTY (ID,NAZWA_PRODUKTU,TYP_PRODUKTU,CENA_SPRZEDAZY,CENA_ZAKUPU,STAWKA_PODATKU,JM) VALUES ('1','Baton "Mars"','SLO','2.5','1.5','23','szt');
INSERT INTO PRODUKTY (ID,NAZWA_PRODUKTU,TYP_PRODUKTU,CENA_SPRZEDAZY,CENA_ZAKUPU,STAWKA_PODATKU,JM) VALUES ('2','chleb','PIE','3','1.2','23','szt');
INSERT INTO PRODUKTY (ID,NAZWA_PRODUKTU,TYP_PRODUKTU,CENA_SPRZEDAZY,CENA_ZAKUPU,STAWKA_PODATKU,JM) VALUES ('3','p\B3atki owsiane 0.5kg','NAS','2.25','1.45','23','szt');
INSERT INTO PRODUKTY (ID,NAZWA_PRODUKTU,TYP_PRODUKTU,CENA_SPRZEDAZY,CENA_ZAKUPU,STAWKA_PODATKU,JM) VALUES ('4','p\B3atki owsiane 1kg','NAS','4','2.4','23','szt');
INSERT INTO PRODUKTY (ID,NAZWA_PRODUKTU,TYP_PRODUKTU,CENA_SPRZEDAZY,CENA_ZAKUPU,STAWKA_PODATKU,JM) VALUES ('5','mleko','NAB','3.5','2','23','szt');
INSERT INTO PRODUKTY (ID,NAZWA_PRODUKTU,TYP_PRODUKTU,CENA_SPRZEDAZY,CENA_ZAKUPU,STAWKA_PODATKU,JM) VALUES ('6','jogurt "Danone"','NAB','3.5','2','23','szt');
INSERT INTO PRODUKTY (ID,NAZWA_PRODUKTU,TYP_PRODUKTU,CENA_SPRZEDAZY,CENA_ZAKUPU,STAWKA_PODATKU,JM) VALUES ('7','woda gazowana','NAP','1.9','1','23','szt');
INSERT INTO PRODUKTY (ID,NAZWA_PRODUKTU,TYP_PRODUKTU,CENA_SPRZEDAZY,CENA_ZAKUPU,STAWKA_PODATKU,JM) VALUES ('8','woda niegazowana','NAP','1.9','1','23','szt');
INSERT INTO PRODUKTY (ID,NAZWA_PRODUKTU,TYP_PRODUKTU,CENA_SPRZEDAZY,CENA_ZAKUPU,STAWKA_PODATKU,JM) VALUES ('9','oran\BFada','NAP','2.49','2','23','szt');
INSERT INTO PRODUKTY (ID,NAZWA_PRODUKTU,TYP_PRODUKTU,CENA_SPRZEDAZY,CENA_ZAKUPU,STAWKA_PODATKU,JM) VALUES ('10','bu\B3ka pszenna','PIE','0.5','0.3','23','szt');
INSERT INTO PRODUKTY (ID,NAZWA_PRODUKTU,TYP_PRODUKTU,CENA_SPRZEDAZY,CENA_ZAKUPU,STAWKA_PODATKU,JM) VALUES ('11','bu\B3ka \BFytnia','PIE','0.7','0.5','23','szt');
INSERT INTO PRODUKTY (ID,NAZWA_PRODUKTU,TYP_PRODUKTU,CENA_SPRZEDAZY,CENA_ZAKUPU,STAWKA_PODATKU,JM) VALUES ('12','balsam do cia\B3a','KOS','20','14','23','szt');
INSERT INTO PRODUKTY (ID,NAZWA_PRODUKTU,TYP_PRODUKTU,CENA_SPRZEDAZY,CENA_ZAKUPU,STAWKA_PODATKU,JM) VALUES ('13','krem do r\B9k','KOS','8','6.4','23','szt');
INSERT INTO PRODUKTY (ID,NAZWA_PRODUKTU,TYP_PRODUKTU,CENA_SPRZEDAZY,CENA_ZAKUPU,STAWKA_PODATKU,JM) VALUES ('14','dezodorant','KOS','9','4.4','23','szt');
INSERT INTO PRODUKTY (ID,NAZWA_PRODUKTU,TYP_PRODUKTU,CENA_SPRZEDAZY,CENA_ZAKUPU,STAWKA_PODATKU,JM) VALUES ('15','piwo','ALK','4','2.8','30','szt');
INSERT INTO PRODUKTY (ID,NAZWA_PRODUKTU,TYP_PRODUKTU,CENA_SPRZEDAZY,CENA_ZAKUPU,STAWKA_PODATKU,JM) VALUES ('16','w\F3dka polska','ALK','25','14','30','szt');
INSERT INTO PRODUKTY (ID,NAZWA_PRODUKTU,TYP_PRODUKTU,CENA_SPRZEDAZY,CENA_ZAKUPU,STAWKA_PODATKU,JM) VALUES ('17','whiskey','ALK','60','40','30','szt');
INSERT INTO PRODUKTY (ID,NAZWA_PRODUKTU,TYP_PRODUKTU,CENA_SPRZEDAZY,CENA_ZAKUPU,STAWKA_PODATKU,JM) VALUES ('18','czekolada','SLO','5','2','23','szt');
INSERT INTO PRODUKTY (ID,NAZWA_PRODUKTU,TYP_PRODUKTU,CENA_SPRZEDAZY,CENA_ZAKUPU,STAWKA_PODATKU,JM) VALUES ('19','ry\BF','NAS','3','1.5','23','szt');
INSERT INTO PRODUKTY (ID,NAZWA_PRODUKTU,TYP_PRODUKTU,CENA_SPRZEDAZY,CENA_ZAKUPU,STAWKA_PODATKU,JM) VALUES ('20','kasza gryczana','NAS','3','1.7','23','szt');
INSERT INTO PRODUKTY (ID,NAZWA_PRODUKTU,TYP_PRODUKTU,CENA_SPRZEDAZY,CENA_ZAKUPU,STAWKA_PODATKU,JM) VALUES ('21','jab\B3ko','OWO','4','2.52','16','kg');
INSERT INTO PRODUKTY (ID,NAZWA_PRODUKTU,TYP_PRODUKTU,CENA_SPRZEDAZY,CENA_ZAKUPU,STAWKA_PODATKU,JM) VALUES ('22','pomara\F1cza','OWO','8','5.01','16','kg');
INSERT INTO PRODUKTY (ID,NAZWA_PRODUKTU,TYP_PRODUKTU,CENA_SPRZEDAZY,CENA_ZAKUPU,STAWKA_PODATKU,JM) VALUES ('23','banan','OWO','7.25','4.99','16','kg');
INSERT INTO PRODUKTY (ID,NAZWA_PRODUKTU,TYP_PRODUKTU,CENA_SPRZEDAZY,CENA_ZAKUPU,STAWKA_PODATKU,JM) VALUES ('24','pomidor malinowy','WAR','12.99','10.99','23','kg');
INSERT INTO PRODUKTY (ID,NAZWA_PRODUKTU,TYP_PRODUKTU,CENA_SPRZEDAZY,CENA_ZAKUPU,STAWKA_PODATKU,JM) VALUES ('25','og\F3rek','WAR','2.99','1.99','23','kg');


INSERT INTO JEDNOSTKI_PRODUKTOW (ID,ID_PRODUKTU,JM,JM_ALT,PRZELICZNIK) VALUES ('1','1','szt','kg','0.2');
INSERT INTO JEDNOSTKI_PRODUKTOW (ID,ID_PRODUKTU,JM,JM_ALT,PRZELICZNIK) VALUES ('2','2','szt','kg','0.6');
INSERT INTO JEDNOSTKI_PRODUKTOW (ID,ID_PRODUKTU,JM,JM_ALT,PRZELICZNIK) VALUES ('3','3','kg','szt','2');
INSERT INTO JEDNOSTKI_PRODUKTOW (ID,ID_PRODUKTU,JM,JM_ALT,PRZELICZNIK) VALUES ('4','4','kg','szt','1');
INSERT INTO JEDNOSTKI_PRODUKTOW (ID,ID_PRODUKTU,JM,JM_ALT,PRZELICZNIK) VALUES ('5','5','szt','l','1.5');
INSERT INTO JEDNOSTKI_PRODUKTOW (ID,ID_PRODUKTU,JM,JM_ALT,PRZELICZNIK) VALUES ('6','5','szt','kg','1.6');
INSERT INTO JEDNOSTKI_PRODUKTOW (ID,ID_PRODUKTU,JM,JM_ALT,PRZELICZNIK) VALUES ('7','6','szt','l','0.2');
INSERT INTO JEDNOSTKI_PRODUKTOW (ID,ID_PRODUKTU,JM,JM_ALT,PRZELICZNIK) VALUES ('8','7','szt','l','1.5');
INSERT INTO JEDNOSTKI_PRODUKTOW (ID,ID_PRODUKTU,JM,JM_ALT,PRZELICZNIK) VALUES ('9','8','szt','l','1.5');
INSERT INTO JEDNOSTKI_PRODUKTOW (ID,ID_PRODUKTU,JM,JM_ALT,PRZELICZNIK) VALUES ('10','9','szt','l','2');
INSERT INTO JEDNOSTKI_PRODUKTOW (ID,ID_PRODUKTU,JM,JM_ALT,PRZELICZNIK) VALUES ('11','10','szt','kg','0.05');
INSERT INTO JEDNOSTKI_PRODUKTOW (ID,ID_PRODUKTU,JM,JM_ALT,PRZELICZNIK) VALUES ('12','11','szt','kg','0.08');
INSERT INTO JEDNOSTKI_PRODUKTOW (ID,ID_PRODUKTU,JM,JM_ALT,PRZELICZNIK) VALUES ('13','12','szt','l','0.5');
INSERT INTO JEDNOSTKI_PRODUKTOW (ID,ID_PRODUKTU,JM,JM_ALT,PRZELICZNIK) VALUES ('14','12','szt','kg','0.6');
INSERT INTO JEDNOSTKI_PRODUKTOW (ID,ID_PRODUKTU,JM,JM_ALT,PRZELICZNIK) VALUES ('15','13','szt','kg','0.3');
INSERT INTO JEDNOSTKI_PRODUKTOW (ID,ID_PRODUKTU,JM,JM_ALT,PRZELICZNIK) VALUES ('16','13','szt','l','0.25');
INSERT INTO JEDNOSTKI_PRODUKTOW (ID,ID_PRODUKTU,JM,JM_ALT,PRZELICZNIK) VALUES ('17','14','szt','l','0.07');
INSERT INTO JEDNOSTKI_PRODUKTOW (ID,ID_PRODUKTU,JM,JM_ALT,PRZELICZNIK) VALUES ('18','15','szt','l','0.5');
INSERT INTO JEDNOSTKI_PRODUKTOW (ID,ID_PRODUKTU,JM,JM_ALT,PRZELICZNIK) VALUES ('19','16','szt','l','0.5');
INSERT INTO JEDNOSTKI_PRODUKTOW (ID,ID_PRODUKTU,JM,JM_ALT,PRZELICZNIK) VALUES ('20','17','szt','l','0.7');
INSERT INTO JEDNOSTKI_PRODUKTOW (ID,ID_PRODUKTU,JM,JM_ALT,PRZELICZNIK) VALUES ('21','18','szt','kg','0.35');
INSERT INTO JEDNOSTKI_PRODUKTOW (ID,ID_PRODUKTU,JM,JM_ALT,PRZELICZNIK) VALUES ('22','19','szt','kg','1');
INSERT INTO JEDNOSTKI_PRODUKTOW (ID,ID_PRODUKTU,JM,JM_ALT,PRZELICZNIK) VALUES ('23','20','szt','kg','1');
INSERT INTO JEDNOSTKI_PRODUKTOW (ID,ID_PRODUKTU,JM,JM_ALT,PRZELICZNIK) VALUES ('24','21','kg','szt','5');
INSERT INTO JEDNOSTKI_PRODUKTOW (ID,ID_PRODUKTU,JM,JM_ALT,PRZELICZNIK) VALUES ('25','22','kg','szt','4');
INSERT INTO JEDNOSTKI_PRODUKTOW (ID,ID_PRODUKTU,JM,JM_ALT,PRZELICZNIK) VALUES ('26','23','kg','szt','6');
INSERT INTO JEDNOSTKI_PRODUKTOW (ID,ID_PRODUKTU,JM,JM_ALT,PRZELICZNIK) VALUES ('27','24','kg','szt','8');
INSERT INTO JEDNOSTKI_PRODUKTOW (ID,ID_PRODUKTU,JM,JM_ALT,PRZELICZNIK) VALUES ('28','25','kg','szt','7');


INSERT INTO ZAKUPY (ID_ZAKUPU,ID_KLIENTA,CZY_PARAGON,CZY_FAKTURA,ID_FAKTURY,DATA_ZAKUPU) VALUES ('1','4','N','T','1',('2018-02-04'));
INSERT INTO ZAKUPY (ID_ZAKUPU,ID_KLIENTA,CZY_PARAGON,CZY_FAKTURA,ID_FAKTURY,DATA_ZAKUPU) VALUES ('2','2','T','N',null,('2018-09-04'));
INSERT INTO ZAKUPY (ID_ZAKUPU,ID_KLIENTA,CZY_PARAGON,CZY_FAKTURA,ID_FAKTURY,DATA_ZAKUPU) VALUES ('3','6','T','N',null,('2018-12-04'));

INSERT INTO ZAKUPY_POZYCJE (ID_ZAKUPU,NUMER_POZYCJI,ID_PRODUKTU,ILOSC,CZY_REKLAMACJA) VALUES ('1','1','25','0.5','N');
INSERT INTO ZAKUPY_POZYCJE (ID_ZAKUPU,NUMER_POZYCJI,ID_PRODUKTU,ILOSC,CZY_REKLAMACJA) VALUES ('1','2','20','1','N');
INSERT INTO ZAKUPY_POZYCJE (ID_ZAKUPU,NUMER_POZYCJI,ID_PRODUKTU,ILOSC,CZY_REKLAMACJA) VALUES ('1','3','5','10','N');
INSERT INTO ZAKUPY_POZYCJE (ID_ZAKUPU,NUMER_POZYCJI,ID_PRODUKTU,ILOSC,CZY_REKLAMACJA) VALUES ('1','4','8','8','N');
INSERT INTO ZAKUPY_POZYCJE (ID_ZAKUPU,NUMER_POZYCJI,ID_PRODUKTU,ILOSC,CZY_REKLAMACJA) VALUES ('1','5','7','5','N');
INSERT INTO ZAKUPY_POZYCJE (ID_ZAKUPU,NUMER_POZYCJI,ID_PRODUKTU,ILOSC,CZY_REKLAMACJA) VALUES ('2','1','9','2','N');
INSERT INTO ZAKUPY_POZYCJE (ID_ZAKUPU,NUMER_POZYCJI,ID_PRODUKTU,ILOSC,CZY_REKLAMACJA) VALUES ('3','1','1','1','N');
INSERT INTO ZAKUPY_POZYCJE (ID_ZAKUPU,NUMER_POZYCJI,ID_PRODUKTU,ILOSC,CZY_REKLAMACJA) VALUES ('3','2','17','7','N');
INSERT INTO ZAKUPY_POZYCJE (ID_ZAKUPU,NUMER_POZYCJI,ID_PRODUKTU,ILOSC,CZY_REKLAMACJA) VALUES ('3','3','22','12','N');
INSERT INTO ZAKUPY_POZYCJE (ID_ZAKUPU,NUMER_POZYCJI,ID_PRODUKTU,ILOSC,CZY_REKLAMACJA) VALUES ('3','4','7','6','N');


COMMIT;
